instance,customers,milp_distance,milp_proven_optimal,milp_time_s,cw_distance,cw_vehicles,cw_time_s,cw_gap_pct,cenn_distance,cenn_vehicles,cenn_time_s,cenn_gap_pct
Instance 1,5,329.5534000122741,True,0.10515598599999976,329.5534000122741,1,4.317299999456736e-05,0.0,329.5534000122741,1,0.02088260999994418,0.0
Instance 2,10,346.54123498994994,True,0.40569954900001903,346.54123498994994,1,6.006700004945742e-05,0.0,346.54123498994994,1,0.004786873000057312,0.0
Instance 3,15,372.5468639760817,True,1.5116554650001035,376.03904948468437,1,0.00013467600001604296,0.9373815340522887,372.5468639760817,1,0.0032557229999383708,0.0
Instance 4,20,408.59381283004427,True,7.640900294999938,461.15845353714843,1,0.0002046390000032261,12.864766684308206,410.56601151748555,1,0.003388216999837823,0.48267952805776315
Instance 5,25,535.9313597839337,False,59.71057056200016,535.9313597839337,2,0.00043055499986621726,0.0,614.8760995127739,2,0.008484468999995443,14.730382592402805
Instance 6,30,638.6788935200173,False,59.42166204699993,685.8643522695564,2,0.00039387600008922163,7.387978407972911,646.0148975028533,2,0.005659535000177129,1.1486216402744012
Instance 7,35,647.0351444045061,False,58.95520533199988,649.8489275751257,2,0.0005096720001347421,0.4348733132895281,695.1877324313,2,0.005045881999876656,7.4420359455297795
Instance 8,40,743.9318438848131,False,58.23763100299993,743.9318438848131,3,0.0006157349998829886,0.0,848.5338660366169,3,0.006463279999934457,14.06069964764136
Instance 9,45,783.7405261608792,False,57.52844664200006,783.7405261608792,2,0.0008061480000378651,0.0,883.5274955180761,2,0.00562252300005639,12.73214361467299
Instance 10,50,817.7823991928394,False,56.97718489900012,817.7823991928394,3,0.001015176999999312,0.0,892.210097439927,3,0.0070544430000154534,9.101161668501133
